id,food category,scientific name,family,popular name,occurrence by region,conservation status,origin,commercial cultivation,availability of nutritional composition data,number of recipes (POF/IBGE),number of recipes - other sources
1,algae,Sargassum acinarium (L.) Setch,Sargassaceae,sargaço,BA,Not Evaluated (NE),Native,No,Does not exist,0,0
2,algae,Caulerpa prolifera (Forssk.) J.V.Lamour.,Caulerpaceae,"caulerpa, grampos-do-mar","BA, CE, PB, PE, PI, RN, SE, ES, RJ",Not Evaluated (NE),Native,No,Does not exist,0,0
3,algae,Gelidium spinosum (S.G.Gmelin) P.C.Silva,Gelidiaceae,ágar-atlântico,"BA, CE, PE, SE, RJ, SP, PR, SC",Not Evaluated (NE),Native,No,Does not exist,0,0
4,algae,Caulerpa racemosa (Forssk.) J.Agardh,Caulerpaceae,uva-do-mar,"AL, BA, CE, PB, PE, PI, RN, ES, RJ, SP",Not Evaluated (NE),Native,No,Does not exist,0,0
5,algae,Halimeda tuna (J.Ellis & Sol.) J.V.Lamour.,Halimedaceae,cacto-do-mar,"AL, BA, CE, MA, PB, PE, RN, ES",Not Evaluated (NE),Native,No,Does not exist,0,0
6,algae,Ulva lactuca L.,Ulvaceae,alface-do-mar,"AL, BA, CE, PB, PE, PI, RN, ES, PR, RJ, RS, SC, SP",Not Evaluated (NE),Native,No,Does not exist,0,0
7,algae,Ulva linza L.	,Ulvaceae,erva-daninha de fita dupla,"CE, RN, MA, PE, ES, PR, RJ, RS, SC, SP",Not Evaluated (NE),Native,No,Does not exist,0,0
8,algae,Kappaphycus alvarezii (Doty) Doty ex P.C.Silva	,Areschougiaceae,cotonii,"PB, RJ, SP",Not Evaluated (NE),Native,No,Does not exist,0,0
9,algae,Sargassum vulgare C. Agardh,Sargassaceae,beerentang,"AL, BA, CE, ES, PB, PE, PI, PR, RN, RJ, SC, SE, SP",Not Evaluated (NE),Native,No,Does not exist,0,0
10,wild animals,Alouatta belzebul,Atelidae,Guariba-de-mão-ruiva,"AP, MA, PA, TO",Vulnerable (VU),Native,No,Does not exist,0,0
11,wild animals,Alouatta macconnelli,Atelidae,Macaco-de-cheiro-de-macconnell,"AP, PA",Least Concern (LC),Native,No,Does not exist,0,7
12,wild animals,Alouatta nigerrima,Atelidae,Guariba-de-mãos-negras,"AM, PA",Least Concern (LC),Native,No,Does not exist,0,0
13,wild animals,Alouatta seniculus,Atelidae,Guariba-comum,"AC, AM, PA, RO, RR",Least Concern (LC),Native,No,Does not exist,0,0
14,wild animals,Aotus azarae,Aotidae,Macaco-da-noite-de-azara,"AM, PA, RO, RR",Least Concern (LC),Native,No,Does not exist,0,7
15,wild animals,Aotus nigriceps,Aotidae,Macaco-da-noite-de-cabeça-preta,"AC, AM, RO",Least Concern (LC),Native,No,Does not exist,0,7
16,wild animals,Ateles chamek,Atelidae,Bugio-ruivo,"AC, AM, MA, PA, TO",Vulnerable (VU),Native,No,Does not exist,0,0
17,wild animals,Ateles paniscus,Atelidae,Bugio-preto,"AC, AP, AM, MA, PA, RO, RR, TO",Vulnerable (VU),Native,No,Does not exist,0,0
18,wild animals,Bradypus tridactylus,Bradypodidae,Bicho-preguiça-três-dedos,"AC, AM, MA, PA, RO, TO",Least Concern (LC),Native,No,Does not exist,0,0
19,wild animals,Bradypus variegatus,Bradypodidae,Bicho-preguiça-de-coleira,"AC, AM, MA, PA, RO, RR, TO",Least Concern (LC),Native,No,Does not exist,0,
20,wild animals,Cabassous unicinctus,Dasypodidae,Tatu-galinha,"AC, AM, MA, PA, RO, TO",Least Concern (LC),Native,No,Does not exist,0,0
21,wild animals,Cacajao calvus,Pitheciidae,Uacari-branco,"AM, PA",Endangered (EN),Native,No,Does not exist,0,0
22,wild animals,Callimico goeldii,Callitrichidae,Saguim-goeleidi,"AM, PA, RO",Least Concern (LC),Native,No,Does not exist,0,0
23,wild animals,Callithrix jacchus,Callitrichidae,Sagui-piranga,"AC, AM, MA, PA, TO",Least Concern (LC),Native,No,Does not exist,0,0
24,wild animals,Cebus albifrons,Cebidae,Macaco-barrigudo,"AC, AM, MA, PA, RO, RR",Least Concern (LC),Native,No,Does not exist,0,7
25,wild animals,Cerdocyon thous,Canidae,Cachorro-do-mato,"AC, AM, MA, PA, RO, TO",Least Concern (LC),Native,No,Does not exist,0,0
26,wild animals,Chiropotes satanas,Pitheciidae,Cuxiú-preto,"AM, PA",Endangered (EN),Native,No,Does not exist,0,0
27,wild animals,Choloepus didactylus,Megalonychidae,Preguiça-real,"AC, AM, MA, PA, RO, TO",Least Concern (LC),Native,No,Does not exist,0,0
28,wild animals,Choloepus hoffmanni,Megalonychidae,Preguiça-de-dois-dedos,"AC, AM, MA, PA, RO, TO",Least Concern (LC),Native,No,Does not exist,0,0
29,wild animals,Coendou prehensilis,Erethizontidae,Ouriço-cacheiro,"AC, AM, MA, PA, RO, TO",Least Concern (LC),Native,No,Does not exist,0,0
30,wild animals,Conepatus semistriatus,Mephitidae,Mão-pelada,"AC, AM, MA, PA, TO",Least Concern (LC),Native,No,Does not exist,0,0
31,wild animals,Dasyprocta fuliginosa,Dasyproctidae,Cutia,"AC, AM, MA, PA, RO, TO",Least Concern (LC),Native,No,"Yes, at the genus level",0,6
32,wild animals,Dasyprocta leporina,Dasyproctidae,Cutia,"AC, AM, MA, PA, RO, TO",Least Concern (LC),Native,No,"Yes, at the species level",0,6
33,wild animals,Dasyprocta prymnolopha,Dasyproctidae,Cutia-de-dorso-preto,"AC, AM, MA, PA, RO, TO",Least Concern (LC),Native,No,"Yes, at the genus level",0,6
34,wild animals,Dasypus kappleri,Dasypodidae,Tatu-de-quinze-quilos,"AC, AM, MA, PA, RO, TO",Least Concern (LC),Native,No,Does not exist,0,0
35,wild animals,Dasypus novemcinctus,Dasypodidae,Tatu-galinha,"AC, AM, MA, PA, RO, TO",Least Concern (LC),Native,No,Does not exist,0,0
36,wild animals,Dasypus septemcinctus,Dasypodidae,Tatuí,"AC, AM, MA, PA, RO, TO",Least Concern (LC),Native,No,Does not exist,0,7
37,wild animals,Didelphis albiventris,Didelphidae,Gambá-de-orelha-branca,"AC, AM, MA, PA, RO, TO",Least Concern (LC),Native,No,Does not exist,0,8
38,wild animals,Didelphis marsupialis,Didelphidae,Gambá-de-orelha-preta,"AC, AM, MA, PA, RO, TO",Least Concern (LC),Native,No,Does not exist,0,8
39,wild animals,Dinomys branickii,Dinomyidae,Pacarana,"AM, PA",Vulnerable (VU),Native,No,Does not exist,0,0
40,wild animals,Eira barbara,Mustelidae,Irara,"AC, AM, MA, PA, RO, TO",Least Concern (LC),Native,No,Does not exist,0,3
41,wild animals,Euphractus sexcinctus,Dasypodidae,Tatu-canastra,"AC, AM, MA, PA, RO, TO",Least Concern (LC),Native,No,Does not exist,0,0
42,wild animals,Galictis cuja,Mustelidae,Furão-grande,"AC, AM, MA, PA, RO, TO",Least Concern (LC),Native,No,Does not exist,0,0
43,wild animals,Galictis vittata,Mustelidae,Furão-pequeno,"AC, AM, MA, PA, RO, TO",Vulnerable (VU),Native,No,Does not exist,0,0
44,wild animals,Kerodon rupestris,Caviidae,Mocó,"BA, CE, MG, PB, PE, PI, RN",Least Concern (LC),Native,No,Does not exist,0,0
45,wild animals,Lagothrix lagothricha,Atelidae,Macaco-barrigudo,"AM, PA",Vulnerable (VU),Native,No,Does not exist,0,7
46,wild animals,Leontocebus fuscicollis,Callitrichidae,Sagui-de-cara-suja,"AC, AM, MA, PA, RO, RR",Least Concern (LC),Native,No,Does not exist,0,0
47,wild animals,Leopardus pardalis,Felidae,Jaguatirica,"AC, AM, MA, PA, RO, RR",Least Concern (LC),Native,No,Does not exist,0,0
48,wild animals,Leopardus tigrinus,Felidae,Gato-do-mato-pequeno,"AC, AM, MA, PA, RO, RR",Endangered (EN),Native,No,Does not exist,0,0
49,wild animals,Leopardus wiedii,Felidae,Gato-maracajá,"AC, AM, MA, PA, RO, RR",Least Concern (LC),Native,No,Does not exist,0,0
50,wild animals,Lontra longicaudis,Mustelidae,Lontra,"AC, AM, MA, PA, RO, TO",Least Concern (LC),Native,No,Does not exist,0,3
51,wild animals,Mazama americana,Cervidae,Veado-catingueiro,"AC, AM, MA, PA, RO, RR, TO",Least Concern (LC),Native,No,"Yes, at the species level",0,0
52,wild animals,Molossus molossus,Molossidae,Morcego-de-cauda-grossa,"AC, AM, MA, PA",Least Concern (LC),Native,No,"Yes, at the genus level",0,0
53,wild animals,Myoprocta acouchy,Dasyproctidae,Cutia,"AC, AM, MA, PA, RO, TO",Least Concern (LC),Native,No,Does not exist,0,6
54,wild animals,Myoprocta pratti,Dasyproctidae,Cutia,"AC, AM, MA, PA, RO, TO",Least Concern (LC),Native,No,Does not exist,0,6
55,wild animals,Myrmecophaga tridactyla,Myrmecophagidae,Tamanduá-bandeira,"AC, AM, MA, PA, RO, TO",Vulnerable (VU),Native,No,Does not exist,0,3
56,wild animals,Nasua nasua,Procyonidae,Quati,"AC, AM, MA, PA, RO, TO",Least Concern (LC),Native,No,Does not exist,0,4
57,wild animals,Odocoileus virginianus,Cervidae,Veado-campeiro,"AC, AM, MA, PA, RO, RR, TO",Least Concern (LC),Native,No,Does not exist,0,0
58,wild animals,Ozotoceros bezoarticus,Cervidae,Veado-campeiro,"BA, DF, ES, GO, MG, MS, MT, PR, RJ, RS, SC, SP",Near Threatened (NT),Native,No,Does not exist,0,0
59,wild animals,Pithecia irrorata,Pitheciidae,Parauaçu,"AM, PA",Vulnerable (VU),Native,No,Does not exist,0,0
60,wild animals,Pithecia pithecia,Pitheciidae,Parauaçu,"AM, PA",Least Concern (LC),Native,No,Does not exist,0,0
61,wild animals,Pithecia vanzolinii,Pitheciidae,Parauaçu,"AM, PA",Data Deficient (DD),Native,No,Does not exist,0,0
62,wild animals,Plecturocebus moloch,Pitheciidae,sauá,"AM, PA",Least Concern (LC),Native,No,Does not exist,0,0
63,wild animals,Potos flavus,Procyonidae,Quati-de-cauda-anelada,"AC, AM, MA, PA, RO, TO",Least Concern (LC),Native,No,Does not exist,0,0
64,wild animals,Priodontes maximus,Dasypodidae,Tatu-canastra,"AC, AM, MA, PA, RO, TO",Vulnerable (VU),Native,No,Does not exist,0,0
65,wild animals,Procyon cancrivorus,Procyonidae,Mão-pelada,"AC, AM, MA, PA, RO, TO",Least Concern (LC),Native,No,Does not exist,0,0
66,wild animals,Puma concolor,Felidae,Onça-parda,"AC, AM, MA, PA, RO, RR, TO",Least Concern (LC),Native,No,Does not exist,0,3
67,wild animals,Puma yagouaroundi,Felidae,Jaguarundi,"AC, AM, MA, PA, RO, RR, TO",Least Concern (LC),Native,No,Does not exist,0,0
68,wild animals,Saguinus imperator,Callitrichidae,Saguim-imperador,"AC, AM, MA, PA, RO, RR",Endangered (EN),Native,No,Does not exist,0,0
69,wild animals,Saguinus midas,Callitrichidae,Saguim-de-mãos-douradas,"AC, AM, MA, PA, RO, RR",Vulnerable (VU),Native,No,Does not exist,0,0
70,wild animals,Saimiri boliviensis,Cebidae,Sauim-de-coleira,"AC, AM, MA, PA, RO, RR",Least Concern (LC),Native,No,Does not exist,0,0
71,wild animals,Saimiri sciureus,Cebidae,Sagui-da-serra-escuro,"AC, AM, MA, PA, RO, RR",Least Concern (LC),Native,No,Does not exist,0,0
72,wild animals,Sapajus apella,Cebidae,Macaco-prego,"AC, AM, MA, PA, RO, TO",Vulnerable (VU),Native,No,Does not exist,0,7
73,wild animals,Sapajus libidinosus,Cebidae,Macaco-prego-galego,"AC, AM, MA, PA, RO, TO",Least Concern (LC),Native,No,Does not exist,0,7
74,wild animals,Sciurus ignitus,Sciuridae,Esquilo-vermelho,"AC, AM, MA, PA",Least Concern (LC),Native,No,Does not exist,0,8
75,wild animals,Speothos venaticus,Canidae,Cachorro-vinagre,"AM, PA",Vulnerable (VU),Native,No,Does not exist,0,0
76,wild animals,Tamandua tetradactyla,Myrmecophagidae,Tamanduá-mirim,"AC, AM, MA, PA, RO, TO",Least Concern (LC),Native,No,Does not exist,0,3
77,wild animals,Thrichomys apereoides,Echimyidae,Ratão-do-banhado,"BA, CE, MG, PB, PE, PI, RN",Least Concern (LC),Native,No,Does not exist,0,0
78,wild animals,Thrichomys laurentius,Echimyidae,Tuco-tuco,"BA, CE, MG, PB, PE, PI, RN",Least Concern (LC),Native,No,Does not exist,0,0
79,wild animals,Tolypeutes tricinctus,Dasypodidae,Tatu-bola,"AC, AM, MA, PA, RO, TO",Vulnerable (VU),Native,No,Does not exist,0,0
80,wild animals,Trichechus inunguis,Trichechidae,Peixe-boi-da-Amazônia,"AC, AM, MA, PA, RO, RR, TO",Vulnerable (VU),Native,No,Does not exist,0,0
81,wild animals,Zenaida auriculata,Columbidae,"Avoante, Pomba-rola,pomba-de-bando",Todos ,Least Concern (LC),Native,No,Does not exist,0,21
82,wild animals,Podocnemis expansa,Podocnemididae,Tartaruga-da-amazônia,"GO, DF, MT, TO, PA, RO, AM, AP, RR ",Data Deficient (DD),Native,Yes ,"Yes, at the species level",0,3
83,wild animals,Podocnemis unifilis,Podocnemididae,Tracajá,"SP, GO, DF, MT, TO, RO, PA, RR, AM, AC ",Vulnerable (VU),Native,No,"Yes, at the genus level",0,0
84,wild animals,Chelonoidis carbonaria,Testudinidae,Jabuti-piranga,"SP, RJ, PI",Data Deficient (DD),Native,No,Does not exist,1,2
85,wild animals,Cuniculus paca,Cuniculidae,Paca,"RS, PR, SP, RJ, MG, ES, MS, MT, BA, MA, AM, RO",Least Concern (LC),Native,Yes ,Does not exist,1,17
86,wild animals,Chelonoidis denticulata,Testudinidae,Jabuti-tinga,"SC, SP, RJ, MS, MT, BA, MA, TO, PA, AP, AM, RO, RR, AC",Data Deficient (DD),Native,No,Does not exist,1,2
87,wild animals,Hydrochoerus hydrochaeris,Caviidae,Capivara,"RS, SC, PR, SP, RJ, MG, ES, MS, GO, DF, MT, PA, RN, MA, AM, RO",Least Concern (LC),Native,No,"Yes, by common name",1,10
88,wild animals,Dasypus novemcinctus,Dasypodidae,Tatu-galinha,"RS, SC, PR, SP, RJ, MG, ES, MS, GO, MT, BA, RN, CE, PI, MA, PA, RO",Least Concern (LC),Resident,No,Does not exist,0,0
89,wild animals,Euphractus sexcinctus,Chlamyphoridae,Tatu-peba,"RS, PR, SP, RJ, MG, ES, MS, GO, MT, BA, PI, RN, CE, MA, PA, MT, AM ",Least Concern (LC),Native,No,Does not exist,0,0
90,wild animals,Columbina talpacoti,Columbidae,Rolinha-roxa,Todos,Least Concern (LC),Resident,No,Does not exist,0,7
91,wild animals,Pecari tajacu,Tayassuidae,Cateto,"PR, SP, RJ, MG, MS, MT, BA, CE, MA, PA, AM, RO",Least Concern (LC),Resident,No,Does not exist,0,0
92,wild animals,Paleosuchus trigonatus,Alligatoridae,Jacaré-coroa,Não disponível,Data Deficient (DD),Native,No,"Yes, by common name",3,19
93,wild animals,Tapirus terrestris,Tapiridae,Anta ou tapir,"PR, SP, RJ, MG, MS, GO, MT, BA, MA, PA, AM, RO",Vulnerable (VU),Native,No,"Yes, at the species level",0,16
94,wild animals,Caiman yacare,Alligatoridae,Jacaré-do-pantanal,"MS, MT",Least Concern (LC),Native,Yes ,"Yes, at the species level",3,0
95,wild animals,Tayassu pecari,Tayassuidae,Queixada,"PR, SP, RJ, MG, MS, MT, PI, PA, RO",Least Concern (LC),Native,No,"Yes, at the genus level",0,32
96,wild animals,Podocnemis sextuberculata,Podocnemididae,Tartaruga-da-amazônia,AM,Vulnerable (VU),Native,No,"Yes, at the species level",0,3
97,wild animals,Cavia aperea,Caviidae,Preá,"RS, PR, SP, RJ, MG, MS, GO, MT, PI, BA,CE,",Least Concern (LC),Native,No,Does not exist,0,8
98,wild animals,Mazama gouazoubira,Cervidae,Veado-catingueiro,"RS, SC, PR, SP, RJ, MG, MS, DF, MT, BA,CE, MA, PA, RO, AM",Least Concern (LC),Native,No,"Yes, at the genus level",0,0
99,wild animals,Panthera onca,Felidae,Onça-pintada,"SP, RJ, MG, ES, MS, MT, GO, MA, PA, RO, AM",Least Concern (LC),Native,No,Does not exist,0,3
100,mushrooms,Agaricus bisporus (J.E. Lange) Imbach,Agaricaceae,"champignon, champignon de Paris, portobello",Não disponível,Not Evaluated (NE),Exotic,Yes ,"Yes, at the species level",1,2846
101,mushrooms,Pleurotus ostreatus (Jacq.) P.Kumm,Pleurotaceae,"shimeji, hiratake","AM, PA, PE, PR, RS",Not Evaluated (NE),Exotic,Yes ,"Yes, at the genus level",0,332
102,mushrooms,Lentinula edodes (Berk.) Pegler (1976),Omphalotaceae,shitake,RS,Data Deficient (DD),Exotic,Yes ,Does not exist,0,516
103,mushrooms,Hypsizygus marmoreus (Peck) H.E. Bigelow (1976),Lyophyllaceae,shimeji verdadeiro,Não disponível,Data Deficient (DD),Exotic,Yes ,Does not exist,0,0
104,mushrooms,Pleurotus eryngii (DC.) Quél. 1872,Pleurotaceae,"eryngii, ostra-rei",MS,Data Deficient (DD),Exotic,Yes ,"Yes, at the genus level",0,0
105,mushrooms,Flammulina velutipes (Curtis) Singer (1951),Physalacriaceae,"enoki, enokitake, enokidake",Não disponível,Least Concern (LC),Exotic,Yes ,Does not exist,0,1
106,mushrooms,"Pholiota nameko (T. Ito) S. Ito & S. Imai, Bot. Mag.  (1933)",Strophariaceae,nameko,Não disponível,Data Deficient (DD),Exotic,Yes ,Does not exist,0,2
107,mushrooms,Hericium erinaceus (Bull.) Pers. (1797),Hericiaceae,juba de leão,Não disponível,Least Concern (LC),Exotic,Yes ,Does not exist,0,0
108,mushrooms,Pleurotus djamor (Rumph. ex Fr.) Boedijn (1959),Pleurotaceae,"cogumelo-ostra rosa, shimeji rosa","AM, AP, MS, MT, PA, PB, PE, PR, RJ, RO, RS, SC, SP, TO",Data Deficient (DD),Naturally occurring,Yes ,"Yes, at the genus level",0,0
109,mushrooms,Pleurotus citrinopileatus Singer (1943),Pleurotaceae,"cogumelo-ostra-dourado, shimeji dourado",Não disponível,Data Deficient (DD),Exotic,Yes ,"Yes, at the genus level",0,0
110,mushrooms,Pleurotus pulmonarius (Fr.) Quél. (1872),Pleurotaceae,"cogumelo-ostra marrom, shimeji marrom","MS, PR, RS, SP",Not Evaluated (NE),Naturally occurring,Yes ,"Yes, at the genus level",0,1
111,mushrooms,Pleurotus sajor-caju (Fr.) Singer  (1951),Pleurotaceae,"houbitake, hiratake marrom, shimeji marrom",Não disponível,Not Evaluated (NE),Exotic,Yes ,"Yes, at the genus level",0,2
112,mushrooms,Auricularia cornea Ehrenb.,Auriculariaceae,orelha-da-mata,"AC, CE, DF, GO, MA, PB, PE, PR, RS, SP",Not Evaluated (NE),Naturally occurring,Yes ,Does not exist,0,0
113,mushrooms,Favolus brasiliensis (Fr.) Fr.,Polyporaceae,fungo favo-de-abelha,"AM, BA, MG, MT, PA, PR, RJ, RO, RS, SC, SP",Not Evaluated (NE),Native,No,Does not exist,0,0
114,mushrooms,Irpex rosettiformis C.C. Chen & Sheng H. Wu,Irpicaceae,leque-de-anjo,"AC, AM, BA, GO, MS, MT, PR, RO, RS, SC, SP",Data Deficient (DD),Native,No,Does not exist,0,0
115,mushrooms,"Macrocybe titans (H.E. Bigelow & Kimbr.) Pegler, Lodge & Nakasone",Biannulariaceae,cogumelo-titã,"PR, RN, SP",Data Deficient (DD),Naturally occurring,No,Does not exist,0,0
116,mushrooms,Agaricus meijeri Heinem.,Agaricaceae,,"PR, RS",Data Deficient (DD),Native,No,Does not exist,0,0
117,mushrooms,Agaricus subrufescens Peck,Agaricaceae,cogumelo-do-sol,"PR, RS, SP",Data Deficient (DD),Naturally occurring,Yes ,Does not exist,0,1
118,mushrooms,Amanita craseoderma Bas,Amanitaceae,,"AM, RO",Data Deficient (DD),Native,No,Does not exist,0,0
119,mushrooms,Amauroderma omphalodes (Berk.) Torrend,Polyporaceae,,"AL, AM, BA, MG, MS, MT, PA, PE, PR, RJ, RO, SC, SP",Not Evaluated (NE),Native,No,Does not exist,0,0
120,mushrooms,Arachnion album Schwein.,Agaricaceae,bola-de-terra-granular,"PE, PR, RS, SP",Data Deficient (DD),Naturally occurring,No,Does not exist,0,0
121,mushrooms,Armillaria puiggarii Speg.,Physalacriaceae,,"RS, SP",Data Deficient (DD),Native,No,Does not exist,0,0
122,mushrooms,Auricularia fuscosuccinea (Mont.) Henn.,Auriculariaceae,orelha-de-macaco,"AC, AM, GO, MT, PA, PB, PE, PR, RJ, RO, RS, SC, SP",Not Evaluated (NE),Naturally occurring,No,Does not exist,0,0
123,mushrooms,Auricularia tremellosa (Fr.) Pat,Auriculariaceae,,"AC, AM, GO, MA",Not Evaluated (NE),Naturally occurring,No,Does not exist,0,0
124,mushrooms,Boletinellus rompelii (Pat. & Rick) Watling,Boletinellaceae,,"DF, PR, RS, SP",Not Evaluated (NE),Native,No,Does not exist,0,0
125,mushrooms,Boletus edulis Bull.,Boletaceae,porcini,"RS, SP",Least Concern (LC),Exotic,No,Does not exist,0,31
126,mushrooms,Bresadolia paradoxa Speg.,Polyporaceae,fígado-de-anta,"RS, RR, SP",Data Deficient (DD),Naturally occurring,No,Does not exist,0,0
127,mushrooms,Cantharellus guyanensis Mont.,Hydnaceae,,"AM, PB, PE, PR, SC, SP",Least Concern (LC),Naturally occurring,No,Does not exist,0,0
128,mushrooms,Clavulinopsis laeticolor (Berk. & M.A. Curtis) R.H. Petersen,Clavariaceae,,"RS, SC ",Data Deficient (DD),Naturally occurring,No,Does not exist,0,0
129,mushrooms,Cookeina colensoi (Berk.) Seaver,Sarcoscyphaceae,taça-de-elfo,"BA, MT, PR, RS, SC, SP",Data Deficient (DD),Naturally occurring,No,Does not exist,0,0
130,mushrooms,Cookeina tricholoma (Mont.) Kuntze,Sarcoscyphaceae,taça-de-elfo-peluda,"BA, AM, MA, PA, PR, RJ, SC, SP",Data Deficient (DD),Native,No,Does not exist,0,0
131,mushrooms,Cookeina venezuelae (Berk. & M.A. Curtis) Le Gal,Sarcoscyphaceae,,"PR, SP",Data Deficient (DD),Naturally occurring,No,Does not exist,0,0
132,mushrooms,"Coprinellus radians (Fr.) Vilgalys, Hopple & Jacq. Johnson",Psathyrellaceae,,"MG, RS",Data Deficient (DD),Naturally occurring,No,Does not exist,0,0
133,mushrooms,Coprinus comatus (O.F. Müll.) Pers.,Agaricaceae,"chapéu-de-tinta, cogumelo-tinteiro","PR, RS, SP",Least Concern (LC),Naturally occurring,Yes ,Does not exist,0,0
134,mushrooms,Cotylidia aurantiaca (Pat.) A.L. Welden,Rickenellaceae,,"AM, PA, PR, RJ, RS, SP",Data Deficient (DD),Native,No,Does not exist,0,0
135,mushrooms,Cymatoderma dendriticum (Pers.) D.A. Reid,Panaceae,,"PB, PE, PR, SE, RS, SC, SP",Data Deficient (DD),Naturally occurring,No,Does not exist,0,0
136,mushrooms,Dactylosporina steffenii (Rick) Dörfelt,Physalacriaceae,cogumelo-de-raiz,"PE, PR, RS, SP",Not Evaluated (NE),Native,No,Does not exist,0,0
137,mushrooms,Favolus radiatifibrillosus Palacio & Silveira,Polyporaceae,,"AC, AM, BA, PA, RR, RS, SP",Data Deficient (DD),Native,No,Does not exist,0,0
138,mushrooms,Favolus rugulosus Palacio & Silveira,Polyporaceae,,"PR, RS, SP",Data Deficient (DD),Native,No,Does not exist,0,0
139,mushrooms,Favolus yanomamii Palacio & Menolli,Polyporaceae,,"AM, ES, MT, PA, RO",Data Deficient (DD),Native,No,Does not exist,0,1
140,mushrooms,Gyroporus austrobrasiliensis A.C. Magnago,Gyroporaceae,,RS,Not Evaluated (NE),Native,No,Does not exist,0,0
141,mushrooms,Irpex lacteus (Fr.) Fr.,Irpicaceae,,"AP, MS, PA, PE, PR, RS, SC, SP",Data Deficient (DD),Naturally occurring,No,Does not exist,0,0
142,mushrooms,Laccaria lateritia Malençon,Hydnangiaceae,,"SC, SP ",Data Deficient (DD),Exotic,No,Does not exist,0,0
143,mushrooms,Lactarius hepaticus Plowr.,Russulaceae,,SP,Data Deficient (DD),Exotic,No,Does not exist,0,0
144,mushrooms,Lactarius quieticolor Romagn.,Russulaceae,,RS,Data Deficient (DD),Exotic,No,Does not exist,0,0
145,mushrooms,Laetiporus gilbertsonii Burds.,Laetiporaceae,frango-da-mata,"ES, SP",Data Deficient (DD),Naturally occurring,No,Does not exist,0,0
146,mushrooms,Lentinula boryana (Berk. & Mont.) Pegler,Omphalotaceae,,"BA, PR, RS, SP",Data Deficient (DD),Native,No,Does not exist,0,0
147,mushrooms,Lentinula raphanica (Murrill) Mata & R.H. Petersen,Omphalotaceae,,"AM, SP",Not Evaluated (NE),Naturally occurring,No,Does not exist,0,3
148,mushrooms,Lentinus berteroi (Fr.) Fr.,Polyporaceae,ânus-peludo,"AM, CE, MG, PE, PR, RJ, RN, RR, RS, SP",Data Deficient (DD),Naturally occurring,No,Does not exist,0,0
149,mushrooms,Lentinus crinitus (L.) Fr.,Polyporaceae,ânus-peludo,"AL, AP, AM, BA, DF, ES, MS, MT, PA, PB, PE, PR, RJ, RN, RO, RR, RS, SC, SE, SP",Data Deficient (DD),Naturally occurring,No,Does not exist,0,0
150,mushrooms,Lentinus scleropus (Pers.) Fr.,Polyporaceae,,"AM, RS, SP",Data Deficient (DD),Native,No,Does not exist,0,0
151,mushrooms,Lentinus swartzii Berk.,Polyporaceae,,"AM, BA, MG, MS, MT, PE, SP, RJ",Data Deficient (DD),Native,No,Does not exist,0,0
152,mushrooms,Lepista sordida (Schumach.) Singer,incertae sedis,fungo-de-pé-roxo,"PR, RJ, RS, SP",Data Deficient (DD),Naturally occurring,No,Does not exist,0,0
153,mushrooms,Macrocybe praegrandis (Berk.) Pegler & Lodge,Biannulariaceae,,"PB, PE, MG, MT, SP, RS",Data Deficient (DD),Native,No,Does not exist,0,0
154,mushrooms,Marasmius cladophyllus Berk.,Marasmiaceae,,"AM, PA, PE, PR, RJ, RS, SP",Data Deficient (DD),Native,No,Does not exist,0,0
155,mushrooms,Marasmius haematocephalus (Mont.) Fr.,Marasmiaceae,,"AM, MA, MG, PA, PE,  PR, RJ, RS, SP",Data Deficient (DD),Native,No,Does not exist,0,0
156,mushrooms,Neofavolus subpurpurascens (Murrill) Palacio & Robledo,Polyporaceae,favo-de-abelha-roxo,"RS, SP",Data Deficient (DD),Naturally occurring,No,Does not exist,0,0
157,mushrooms,"Ophiocordyceps melolonthae (Tul. & C. Tul.) G.H. Sung, J.M. Sung, Hywel-Jones & Spatafora",Ophiocordycipitaceae,,"PR, RS",Data Deficient (DD),Naturally occurring,No,Does not exist,0,0
158,mushrooms,Oudemansiella cubensis (Berk. & M.A. Curtis) R.H. Petersen,Physalacriaceae,fungo-de-porcelana,"AM, MT, RJ, RS, SP",Data Deficient (DD),Naturally occurring,No,Does not exist,0,0
159,mushrooms,Oudemansiella platensis (Speg.) Speg.,Physalacriaceae,fungo-de-porcelana,"DF, ES, PR, RS, SP",Data Deficient (DD),Naturally occurring,No,Does not exist,0,0
160,mushrooms,Panus neostrigosus Drechsler-Santos & Wartchow,Panaceae,,"AM, DF, MG, PR, RO, RR, RS, SC, SP",Data Deficient (DD),Naturally occurring,No,Does not exist,0,2
161,mushrooms,Panus strigellus (Berk.) Overh.,Panaceae,funil-roxo,"AM, DF, PR, RR, RS, SC, SP",Data Deficient (DD),Naturally occurring,No,Does not exist,0,2
162,mushrooms,Panus velutinus (Fr.) Sacc.,Panaceae,funil-de-veludo,"AM, MG, MT, PA, PE, PR, RJ, RN, RO, RR, RS, SP",Data Deficient (DD),Native,No,Does not exist,0,2
163,mushrooms,Phallus indusiatus Vent.,Phallaceae,véu-de-noiva,"AM, CE, ES, MA, MS, PA, PB, PR, RJ, RS, RN, RO, SC, SP",Not Evaluated (NE),Naturally occurring,Yes ,Does not exist,0,0
164,mushrooms,Phillipsia domingensis (Berk.) Berk. ex Denison,Sarcoscyphaceae,fígado-de-galinha,"BA, PR, RJ, RS, SP",Data Deficient (DD),Naturally occurring,No,Does not exist,0,0
165,mushrooms,Phlebopus beniensis (Singer & Digilio) Heinem. & Rammeloo,Boletinellaceae,chapéu-de-vaqueiro-nordestino,"GO, PB, PR, RS, SP",Data Deficient (DD),Naturally occurring,No,Does not exist,0,0
166,mushrooms,Pholiota bicolor (Speg.) Singer,Strophariaceae,,"PR, RS, SP",Data Deficient (DD),Native,No,Does not exist,0,0
167,mushrooms,Pleurotus albidus (Berk.) Pegler,Pleurotaceae,,"AM, MG, PR, RJ, RS, SP",Not Evaluated (NE),Native,No,"Yes, at the genus level",0,3
168,mushrooms,Pleurotus fuscosquamulosus D.A. Reid & Eicker,Pleurotaceae,,SP,Data Deficient (DD),Naturally occurring,No,"Yes, at the genus level",0,0
169,mushrooms,Pleurotus magnificus Rick,Pleurotaceae,,RS,Data Deficient (DD),Native,No,"Yes, at the genus level",0,0
170,mushrooms,Pleurotus rickii Bres.,Pleurotaceae,,"RS, SP",Near Threatened (NT),Native,No,"Yes, at the genus level",0,0
171,mushrooms,Pluteus harrisii Murrill,Pluteaceae,,"MG, PR, SP",Data Deficient (DD),Naturally occurring,No,Does not exist,0,0
172,mushrooms,Pluteus longistriatus (Peck) Peck,Pluteaceae,,SP,Data Deficient (DD),Naturally occurring,No,Does not exist,0,0
173,mushrooms,Podoscypha brasiliensis D.A. Reid,Podoscyphaceae,,"AC, PA, PR",Data Deficient (DD),Native,No,Does not exist,0,0
174,mushrooms,Podoscypha nitidula (Berk.) Pat.,Podoscyphaceae,,"GO, PB, PR, PE, RN",Data Deficient (DD),Native,No,Does not exist,0,0
175,mushrooms,Polyporus indigenus I.J.A. Aguiar & M.A. de Sousa,Polyporaceae,,"AM, PA, RO",Data Deficient (DD),Native,No,Does not exist,0,0
176,mushrooms,Polyporus sapurema Möller,Polyporaceae,,"AC, BA, ES, PR, RS, SP, SC ",Near Threatened (NT),Native,No,Does not exist,0,0
177,mushrooms,Pseudofistulina radicata (Schwein.) Burds.,incertae sedis,,"RJ, SP",Data Deficient (DD),Naturally occurring,No,Does not exist,0,0
178,mushrooms,Rigidoporus amazonicus Ryvarden,Meripilaceae,,"AC, SC",Data Deficient (DD),Native,No,Does not exist,0,0
179,mushrooms,Ripartitella brasiliensis (Speg.) Singer,incertae sedis,,"PE, PR, RS, SP",Data Deficient (DD),Native,No,Does not exist,0,0
180,mushrooms,Russula parazurea Jul. Schäff.,Russulaceae,,SP,Data Deficient (DD),Exotic,No,Does not exist,0,0
181,mushrooms,Schizophyllum commune Fr.,Schizophyllaceae,fungo-de-lamelas-fendidas,"AL, AP, BA, DF, MG, MT, PA, PB, PE, PR, RO, RN, RS, SC, SP",Data Deficient (DD),Naturally occurring,No,Does not exist,0,0
182,mushrooms,Sclerotinia sclerotiorum (Lib.) de Bary,Sclerotiniaceae,,"DF, GO, MG, PR",Data Deficient (DD),Naturally occurring,No,Does not exist,0,0
183,mushrooms,Suillus salmonicolor (Frost) Halling,Suillaceae,suíno-salmão,"PR, RS, SC, SP",Data Deficient (DD),Exotic,No,Does not exist,0,0
184,mushrooms,Tremella fuciformis Berk.,Tremellaceae,fungo-gelatinoso-branco,"AM, BA, DF, PR, RJ, RS, SP",Not Evaluated (NE),Native,Yes ,Does not exist,0,0
185,mushrooms,"Tuber floridanum A. Grupe, Sulzbacher & M.E. Sm.",Tuberaceae,trufa-sapucay,RS,Data Deficient (DD),Exotic,Yes ,Does not exist,0,0
186,mushrooms,Volvariella bombycina (Schaeff.) Singer,Pluteaceae,,"PR, RS, SP",Data Deficient (DD),Naturally occurring,No,Does not exist,0,0
187,insect,Periplaneta americana,Blattidae,Barata,"AC, AL, AM, AP, BA, CE, DF, ES, GO, MA, MS, MT, MG, PA, PB, PR, PE, PI, RJ, RN, RS, RO, RR, SC, SP, SE, TO",Not Evaluated (NE),Exotic,No,Does not exist,0,0
188,insect,Atta spp.,Formicidae,Tanajura,"AC, AL, AM, AP, BA, CE, DF, ES, GO, MA, MS, MT, MG, PA, PB, PR, PE, PI, RJ, RN, RS, RO, RR, SC, SP, SE, TO",Not Evaluated (NE),Native,No,Does not exist,0,1
189,insect,Pachymerus nucleorum,Bruchidae,Gongo,"CE, MA, MG, MT, PA, PE, PI, RO, TO",Not Evaluated (NE),Naturally occurring,No,Does not exist,0,0
190,insect,Gryllus assimilis,Gryllidae,Grilo,"AC, AL, AP, AM, BA, CE, DF, ES, GO, MA, MT, MS, MG, PA, PB, PR, PE, PI, RJ, RN, RS, RO, RR, SC, SP, SE, TO",Not Evaluated (NE),Exotic,Yes ,Does not exist,0,0
191,insect,Rhynchophorus palmarum,Curculionidae,Boreu/Broca-do-coqueiro,"RS, SC, PR, MS, SP, ES, MG, AL, SE, BA, RJ, PE, PB, CE, MA, PA, AM, MT, GO",Not Evaluated (NE),Native,No,Does not exist,0,0
192,insect,Pachymerus cardo,Bruchidae,Tomarã,"ES, SP",Not Evaluated (NE),Native,No,Does not exist,0,0
193,insect,Rhinostomus barbirostris,Curculionidae,Broca-do-Estipe,"BA, SP",Not Evaluated (NE),Native,No,Does not exist,0,0
194,insect,Homalinotus validus,Curculionidae,Broca-do-Coqueiro,AM,Not Evaluated (NE),Native,No,Does not exist,0,0
195,insect,Lusura altrix,Notodontidae,Mãmneg,AP,Not Evaluated (NE),Native,No,Does not exist,0,0
196,insect,Tetragonisca angustula,Apidae,Jataí,"AL, AM, BA, CE, ES, GO, MA, MG, MS, MT, PB, PE, PI, PR, RJ, RN, RS, SC, SE, SP",Not Evaluated (NE),Native,Yes ,Does not exist,0,0
197,insect,Melipona quadrifasciata,Apidae,Mandaçaia,"AL, BA, ES, GO, MS, MG, PB, PR, PE, RJ, RS, SC, SP, SE",Not Evaluated (NE),Native,Yes ,Does not exist,0,0
198,insect,Melipona subnitida,Apidae,Jandaíra,"AL, BA, CE, MA, PB, PE, PI, RN, SE",Not Evaluated (NE),Native,Yes ,Does not exist,0,0
199,insect,Melipona scutellaris,Apidae,Uruçu do nordeste,"AL, BA, CE, PB, PE, RN, SE",Not Evaluated (NE),Native,Yes ,Does not exist,0,0
200,insect,Melipona fasciculata,Apidae,"Uruçu-cinzenta, tiúba","MA, MT, PA, PI, TO",Not Evaluated (NE),Native,Yes ,Does not exist,0,0
201,insect,Melipona mandacaia,Apidae,Mandaçaia,"AL, BA, CE, PB, PE, PI, RN, SE",Not Evaluated (NE),Native,Yes ,Does not exist,0,0
202,insect,Melipona flavolineata,Apidae,"Uruçu-amarela, ira-açu","CE, MA, PA, TO",Not Evaluated (NE),Native,Yes ,Does not exist,0,0
203,insect,Melipona aff. rufiventris,Apidae,"Tujuba, tuiúva, tujuva","BA, GO, MT, MS, MG, PI, SP",Not Evaluated (NE),Native,Yes ,Does not exist,0,0
204,insect,Melipona bicolor,Apidae,Guaraipo,"BA, ES, MG, PR, RJ, RS, SC, SP",Not Evaluated (NE),Native,Yes ,Does not exist,0,0
205,insect,Melipona seminigra,Apidae,Uruçu-boca-de-renda,"AC, AM, MA, MT, PA, RO, RR, TO",Not Evaluated (NE),Native,Yes ,Does not exist,0,0
206,insect,Nannotrigona testaceicornis,Apidae,Iraí,"BA, ES, GO, MS, MG, PR, RJ, RS, SC, SP",Not Evaluated (NE),Native,Yes ,Does not exist,0,0
207,insect,Melipona marginata,Apidae,Manduri,"BA, CE, ES, GO, MG, RJ, SP",Not Evaluated (NE),Native,Yes ,Does not exist,0,0
208,insect,Melipona interrupta,Apidae,"Jandaíra-preta-da-Amazônia, jupará","AP, AM, PA",Not Evaluated (NE),Native,Yes ,Does not exist,0,0
209,insect,Melipona capixaba,Apidae,Uruçu-preto,ES,Not Evaluated (NE),Native,Yes ,Does not exist,0,0
210,insect,Melipona favosa,Apidae,"Rabipintada, erica",RR,Not Evaluated (NE),Native,Yes ,Does not exist,0,0
211,insect,Apis mellifera,Apidae,Abelha-europeia,"AC, AL, AM, AP, BA, CE, DF, ES, GO, MA, MS, MT, MG, PA, PB, PR, PE, PI, RJ, RN, RS, RO, RR, SC, SP, SE, TO",Data Deficient (DD),Exotic,Yes ,Does not exist,0,0
212,fish and seadfood,Coryphaena hippurus,Coryphaena,Dourado-do mar,"RS, SC, PR, SP, RJ, ES, BA, SE, Al, PE, PB, RN, CE, MA, PA, AP, AM",Least Concern (LC),Native,Yes ,Does not exist,1,21
213,fish and seadfood,Centropomus undecimalis,Centropomidae,Robalo-flecha,"MA, PI, CE, RN, PB, PE, AL, SE, BA, ES, RJ, SP, PR, SC, RS",Least Concern (LC),Native,Yes ,"Yes, at the species level",0,0
214,fish and seadfood,Umbrina coroides,Eupercaria,"Corvina, pescada-amarela, tambor de areia","MA, PI, CE, RN, PB, PE, AL, SE, BA",Least Concern (LC),Native,No,Does not exist,0,44
215,fish and seadfood,Mugil curema,Mugilidae,Tainha Branca,"AL, ES, RN, SE",Least Concern (LC),Native,Yes ,"Yes, at the genus level",0,13
216,fish and seadfood,Genidens genidens,Ariidae,Bagre,"AL, AP, BA, CE, ES, MA, PA, PB, PR, PE, PI, RJ, RN, RS, SC, SP, SE",Least Concern (LC),Native,Yes ,Does not exist,0,11
217,fish and seadfood,Pomatomus saltatrix,Pomatomidae,Anchova,"AL, AP, BA, CE, ES, MA, PA, PB, PR, PE, PI, RJ, RN, RS, SC, SP, SE",Vulnerable (VU),Native,Yes ,Does not exist,0,62
218,fish and seadfood,Micropogonias furnieri,Sciaenidae,Corvina,"AL, AP, BA, CE, ES, MA, PA, PB, PR, PE, PI, RJ, RN, RS, SC, SP, SE",Least Concern (LC),Native,Yes ,"Yes, at the species level",0,39
219,fish and seadfood,Mugil platanus,Mugilidae,"Tainha
","AL, ES, PR, RJ, RS, SC, SP, SE",Data Deficient (DD),Native,Yes ,"Yes, at the genus level",0,13
220,fish and seadfood,Hemiramphus balao,Hemiramphidae,Agulha,"AL, AP, BA, CE, ES, MA, PA, PB, PR, PE, PI, RJ, RN, RS, SC, SP, SE",Least Concern (LC),Native,No,Does not exist,0,0
221,fish and seadfood,Trichiurus lepturus,Trichiuridae,Espada,"AL, AP, BA, CE, ES, MA, PA, PB, PR, PE, PI, RJ, RN, RS, SC, SP, SE",Least Concern (LC),Native,Yes ,Does not exist,0,13
222,fish and seadfood,Caranx crysos,Carangidae,Corredor azul,"AL, AP, BA, CE, ES, MA, PA, PB, PR, PE, PI, RJ, RN, RS, SC, SP, SE",Least Concern (LC),Native,No,Does not exist,0,0
223,fish and seadfood,Kyphosus incisor,Kyphosidae,Piragica,"AL, AP, BA, CE, ES, MA, PA, PB, PR, PE, PI, RJ, RN, RS, SC, SP, SE",Data Deficient (DD),Native,No,Does not exist,0,0
224,fish and seadfood,Rhizoprionondon lalandei,Carcharhinidae,Cação,"AL, AP, BA, CE, ES, MA, PA, PB, PR, PE, PI, RJ, RN, SC, SP, SE",Vulnerable (VU),Native,No,"Yes, by common name",0,78
225,fish and seadfood,anisotremus surinamensis,Haemulidae,"Sargo-de-beiço, Pirambú","AL, AP, BA, CE, ES, MA, PA, PB, PR, PE, PI, RJ, RN, SC, SP, SE",Data Deficient (DD),Native,No,Does not exist,0,0
226,fish and seadfood,Menticirhrus americanus,Sciaenidae,Betara,"AL, AP, BA, CE, ES, MA, PA, PB, PR, PE, PI, RJ, RN, RS, SC, SP, SE",Least Concern (LC),Native,Yes ,Does not exist,0,0
227,fish and seadfood,Diplodus argenteus,Sparidae,Pargo,"BA, ES, PR, RJ, SC, SP",Least Concern (LC),Native,No,Does not exist,0,6
228,fish and seadfood,Lutjanus analis,Lutjanidae,Cioba,"AL, BA, CE, ES, MA, PA, PR, PB, PI, PE, RJ, RN, SP, SE",Near Threatened (NT),Native,No,Does not exist,0,4
229,fish and seadfood,Eucinostomus gula,Gerreidae,Carapicu,"AL, AP, BA, CE, ES, MA, PA, PB, PR, PE, PI, RJ, RN, RS, SC, SP, SE",Least Concern (LC),Native,No,Does not exist,0,10
230,fish and seadfood,Haemulon aurolineatum,Haemulidae,Xira-branca,"AL, AP, BA, CE, ES, MA, PA, PB, PR, PE, PI, RJ, RN, SC, SP, SE",Least Concern (LC),Native,No,Does not exist,0,0
231,fish and seadfood,Centropomus parallelus,Centropomidae,Robalo gordo,"AL, AM, BA, CE, ES, MA, MG, PA, PB, PR, PE, PI, RJ, RN, RS, SC, SP, SE",Least Concern (LC),Native,No,"Yes, at the genus level",0,0
232,fish and seadfood,Diapterus auratus,Gerreidae,Carapeba,"AL, AM, BA, CE, ES, MA, PA, PB, PR, PE, PI, RJ, RN, RS, SC, SP, SE",Least Concern (LC),Native,No,"Yes, at the species level",0,0
233,fish and seadfood,Epinephelus marginatus,Epinephelidae,Garoupa escura,"BA, RJ, SC, SP",Vulnerable (VU),Native,Yes ,Does not exist,0,0
234,fish and seadfood,Litopenaeus schmitti,Penaeidae,Camarão branco do sul,"AL, PR, PE, RS, SC, SP",Not Evaluated (NE),Native,Yes ,Does not exist,0,9
235,fish and seadfood,Euthynnus alleteratus,Scombridae,Atum,"AL, AM, BA, CE, ES, MA, PA, PB, PR, PE, PI, RJ, RN, RS, SC, SP, SE",Least Concern (LC),Native,Yes ,"Yes, by common name",10,5002
236,fish and seadfood,Lutjanus synagris,Lutjanidae,Ariacó,"AL, AM, BA, CE, ES, MA, PA, PB, PE, PI, RJ, RN, SP, SE",Near Threatened (NT),Native,Yes ,Does not exist,0,0
237,fish and seadfood,Opisthonema oglinum,Dorosomatidae,Arenque do atlântico,"AL, AM, BA, CE, ES, MA, PA, PB, PR, PE, PI, RJ, RN, SC, SP, SE",Least Concern (LC),Native,No,Does not exist,0,0
238,fish and seadfood,Holocentrus adscensionis,Holocentridae,Peixe-esquilo,"AL, AM, BA, CE, ES, MA, PA, PB, PR, PE, PI, RJ, RN, SC, SP, SE",Least Concern (LC),Native,No,Does not exist,0,0
239,fish and seadfood,Priacanthus arenatus,Priacanthidae,Patudo atlântico,"AL, AM, BA, CE, ES, MA, PA, PB, PR, PE, PI, RJ, RN, RS, SC, SP, SE",Least Concern (LC),Native,No,Does not exist,0,0
240,fish and seadfood,Chloroscombrus chrysurus,Carangidae,Pára-choque atlântico,"AL, AM, BA, CE, ES, MA, PA, PB, PR, PE, PI, RJ, RN, RS, SC, SP, SE",Least Concern (LC),Native,No,Does not exist,0,0
241,fish and seadfood,Cynoscion jamaicensis,Sciaenidae,Peixe fraco da jamaica,"AL, AM, ES, MA, PA, PB, PR, PE, PI, RJ, RN, RS, SC, SP, SE",Least Concern (LC),Native,No,Does not exist,0,0
242,fish and seadfood,Trachinotus carolinus,Carangidae,Florida pompano,"AL, AM, BA, CE, ES, MA, PA, PB, PR, PE, PI, RJ, RN, RS, SC, SP, SE",Least Concern (LC),Native,No,Does not exist,0,0
243,fish and seadfood,Seriola lalandi,Carangidae,Olho-de-boi,"AL, AM, BA, CE, ES, MA, PA, PB, PE, PI, RJ, RN, SP, SE",Least Concern (LC),Native,No,Does not exist,0,5
244,fish and seadfood,Scomberomus brasiliensis,Scombridae,Cavala da serra,"AL, AM, BA, CE, ES, MA, PA, PB, PR, PE, PI, RJ, RN, RS, SC, SP, SE",Least Concern (LC),Native,Yes ,Does not exist,0,0
245,fish and seadfood,Rhinoptera bonasus,Rhinopteridae,Raia nariz-de-bico,"AL, AM, BA, CE, ES, MA, PA, PB, PR, PE, PI, RJ, RN, RS, SC, SP, SE",Vulnerable (VU),Native,No,Does not exist,0,0
246,fish and seadfood,Selene vomer,Carangidae,Peixe-galo,"AL, AM, BA, CE, ES, MA, PA, PB, PR, PE, PI, RJ, RN, RS, SC, SP, SE",Least Concern (LC),Native,No,Does not exist,0,0
247,fish and seadfood,Isopisthus parvipinnis,Sciaenidae,Corvina dente grande,"AL, AM, BA, CE, ES, MA, PA, PB, PR, PE, PI, RJ, RN, SC, SP, SE",Least Concern (LC),Native,No,Does not exist,0,14
248,fish and seadfood,Macrodon ancylodon,Sciaenidae,"Pescada-foguete, pescada gó","AL, AM, BA, CE, ES, MA, PA, PB, PR, PE, PI, RJ, RN, RS, SC, SP, SE",Least Concern (LC),Native,Yes ,"Yes, at the species level",0,0
249,fish and seadfood,Nebris microps,Sciaenidae,Corvina olho-pequeno,"AL, BA, PA, PB, PE, RJ, SP, SE",Least Concern (LC),Native,Yes ,Does not exist,0,6
250,fish and seadfood,Oligoplites palometa,Carangidae,Jaqueta de couro maracaibo,"AL, AM, BA, CE, ES, MA, PA, PB, PE, PI, RJ, RN, SP, SE",Least Concern (LC),Native,No,Does not exist,0,0
251,fish and seadfood,Cynoscion guatucupa,Sciaenidae,"Pescada-olhuda, maria-mole","PR, RJ, RS, SC, SP",Least Concern (LC),Native,No,Does not exist,0,0
252,fish and seadfood,Elops saurus,Elopidae,Joaninha,"AL, AM, BA, CE, ES, MA, PA, PB, PE, PI, RJ, RN, SP, SE",Least Concern (LC),Native,No,Does not exist,0,0
253,fish and seadfood,Perna perna,Mytilidae,Mexilhão rock sul-americano,"ES, PR, RJ, RS, SC, SP",Not Evaluated (NE),Native,No,Does not exist,0,0
254,fish and seadfood,Sardinella brasiliensis,Dorosomatidae,Sardinha Brasileira,"PR, RJ, SC, SP",Data Deficient (DD),Native,Yes ,"Yes, at the species level",6,9
255,fish and seadfood,Harengula jaguana,Dorosomatidae,Arenque escamado,"AL, AM, BA, CE, ES, MA, MG, PA, PB, PE, PI, RJ, RN, SP, SE",Least Concern (LC),Native,No,Does not exist,0,0
256,fish and seadfood,Lile piquitinga,Dorosomatidae,Sardinha-chata,"AL, AM, CE, ES, MA, PA, PB, PE, PI, RN, SE",Least Concern (LC),Native,No,Does not exist,0,9
257,fish and seadfood,Loligo sanpaulensis,Loliginidae,Lula,ES,Least Concern (LC),Native,No,Does not exist,2,851
258,fish and seadfood,Mugil liza,Mugilidae,Tainha,"AL, ES, PR, RJ, RS, SC, SP, SE",Least Concern (LC),Native,Yes ,"Yes, at the genus level",0,13
259,fish and seadfood,Seriola dumerili,Carangidae,Amberjack maior,"AL, AM, BA, CE, ES, MA, PA, PB, PR, PE, PI, RJ, RN, SC, SP, SE",Least Concern (LC),Native,No,Does not exist,0,0
260,fish and seadfood,Arapaima gigas,Arapaimidae,Pirarucu,"AC, AM, RR, RO, MT, PA, AM",Data Deficient (DD),Native,Yes ,"Yes, at the species level",0,50
261,plant,Pouteria caimito (Ruiz & Pav.) Radlk.,Sapotaceae,abiu,"AC, AM, AP, PA, RO, RR, TO, AL, BA, CE, MA, PB, PE, SE, MT, ES, MG, RJ, SP, PR, SC",Least Concern (LC),Native,Yes ,"Yes, at the species level",0,0
262,plant,Euterpe oleracea Mart.,Arecaceae,açaí,"AP, PA, TO, MA",Least Concern (LC),Native,Yes ,"Yes, at the species level",1,936
263,plant,Euterpe precatoria Mart.,Arecaceae,açaí-da-mata,"AC, AM, PA, RO, RR",Least Concern (LC),Native,No,"Yes, at the species level",0,0
264,plant,Arachis hypogaea L.,Fabaceae,amendoim,"AC, AM, AP, PA, RO, RR, TO, AL, BA, CE, MA, PB, PE, PI, RN, SE, DF, GO, MT do Sul, MT, ES, MG, RJ, SP, PR, RS, SC.",Not Evaluated (NE),Exotic,Yes ,"Yes, at the species level",12,5164
265,plant,Rubus fruticosus L.,Rosaceae,amora-preta,"BA, SE, DF, GO, ES, MG, RJ, SP, PR, RS, SC",Least Concern (LC),Exotic,Yes ,Does not exist,0,0
266,plant,Rubus niveus Thunb.,Rosaceae,amora-preta,"SP, PR, SC",Not Evaluated (NE),Exotic,Yes ,Does not exist,0,0
267,plant,Rubus ulmifolius Schott,Rosaceae,amora-preta,"SP, PR",Not Evaluated (NE),Exotic,Yes ,Does not exist,0,0
268,plant,Rubus urticifolius Poir.,Rosaceae,amora-preta,"BA, SE, DF, GO, ES, MG, RJ, SP, PR, RS, SC",Not Evaluated (NE),Native,Yes ,Does not exist,0,0
269,plant,Psidium cattleyanum Sabine.,Myrtaceae,araçá,"AL, BA, CE, PE, SE,ES, MG, RJ, SP, PR, RS, SC",Not Evaluated (NE),Native,Yes ,"Yes, at the species level",0,2
270,plant,Eugenia stipitata McVaugh,Myrtaceae,araçá-boi,"AC, AM, PA, RO, RR, MT",Least Concern (LC),Native,No,"Yes, at the species level",0,3
271,plant,Psidium acutangulum DC,Myrtaceae,araçá-pera,"AC, AM, AP, PA, RO, RR, TO, MT, PR",Not Evaluated (NE),Native,No,"Yes, at the species level",0,2
272,plant,Annona crassiflora Mart.,Annonaceae,"araticum, panã, acanga, araticum-do-mata, tapanahuacanga","PA, TO, BA, MA, PI, DF, GO, MT do Sul, MT, MG, SP, PR",Least Concern (LC),Native,No,"Yes, at the species level",0,0
273,plant,Araucaria angustifolia (Bertol.) Kuntze.,Araucariaceae,"araucária, pinheiro-brasileiro, pinheiro-do-paraná","MG, RJ, SP, PR, RS, SC",Endangered (EN),Native,No,"Yes, at the species level",1,97
274,plant,Goeppertia allouia (Aubl.) Borchs. & S. Suárez,Marantaceae,ariá,"AC, AM, AP, PA, RO, RR, TO, MA, GO, MT",Least Concern (LC),Native,Yes ,Does not exist,0,0
275,plant,Schinus terebinthifolia Raddi.,Anacardiaceae,"aroeira-pimenteira, monducuru, palmatória, urumbeba arumbeva","AP, PA, TO, AL, BA, CE, MA, PB, PE, PI, RN, SE, DF, GO, MS, MT, ES, MG, RJ, SP, PR, RS, SC",Not Evaluated (NE),Native,Yes ,"Yes, at the species level",0,0
276,plant,Opuntia monacantha Haw.,Cactaceae,arumbeva,"BA, SE, ES, MG, RJ, SP, PR, RS, SC",Least Concern (LC),Native,No,"Yes, at the genus level",0,0
277,plant,Opuntia elata Salm-Dyck,Cactaceae,arumbeva,"MS, RS",Not Evaluated (NE),Native,Yes ,"Yes, at the species level",0,0
278,plant,Attalea speciosa Mart. ex Spreng.,Arecaceae,babaçu,"AC, AM, PA, RO, TO, BA, CE, MA, PI, GO, MS, MT, MG",Not Evaluated (NE),Native,No,"Yes, at the species level",0,4
279,plant,Oenocarpus bacaba Mart,Arecaceae,"bacaba, bacaba-de-caranaí, abacaba, bacabinha","AC, AM, AP, PA, RO",Least Concern (LC),Native,No,"Yes, at the species level",0,0
280,plant,Oenocarpus balickii F. Kahn,Arecaceae,"bacaba, bacaba-de-caranaí, abacaba, bacabinha","AC, AM, RO",Not Evaluated (NE),Native,No,"Yes, at the genus level",0,0
281,plant,Oenocarpus distichus Mart.,Arecaceae,"bacaba, bacaba-de-caranaí, abacaba, bacabinha","PA, RO, TO, MA, GO, MT",Not Evaluated (NE),Native,No,"Yes, at the species level",0,0
282,plant,Oenocarpus mapora H. Karst.,Arecaceae,"bacaba, bacaba-de-caranaí, abacaba, bacabinha","AC, AM",Not Evaluated (NE),Native,No,"Yes, at the species level",0,0
283,plant,Oenocarpus minor Mart.,Arecaceae,"bacaba, bacaba-de-caranaí, abacaba, bacabinha","AM, PA, RO",Not Evaluated (NE),Native,No,"Yes, at the species level",0,0
284,plant,Garcinia brasiliensis Mart.,Clusiaceae,bacupari,"AC, AM, PA, RO, TO, BA, SE, GO, MS, MT, ES, RJ, SP, SC",Not Evaluated (NE),Native,No,Does not exist,0,1
285,plant,Platonia insignis Mart.,Clusiaceae,bacuri,"AM, AP, PA, RR, TO, MA, PI",Least Concern (LC),Native,Yes ,"Yes, at the species level",0,12
286,plant,Dipteryx alata Vogel.,Fabaceae,"baru, cumbaru","RO, TO, BA, MA, DF, GO, MS, MT, MG, SP",Least Concern (LC),Native,No,"Yes, at the species level",1,7
287,plant,Portulaca oleraceae L.,Portulacaceae,beldroega,"AC, AM, AP, PA, RO, RR, TO, AL, BA, CE, MA, PB, PE, SE, PI, RN, MT, MS, DF, ES, MG, RJ, SP, PR, SC, RS",Least Concern (LC),Native,No,"Yes, at the species level",0,3
288,plant,Annona mucosa Jacq.,Annonaceae,biribá,"AC, AM, PA, RO, AL, BA, PE, GO, MS, MT, ES, MG, RJ, SP, PR, RS, SC",Not Evaluated (NE),Native,Yes ,"Yes, at the genus level",0,0
289,plant,Mauritia flexuosa L.f.,Arecaceae,"buriti, miritirana, buritirana, caraná-do-mato, caraná","AC, AM, AP, PA, RO, TO, BA, CE, MA, PI, DF, GO, MS, MT, MG, SP",Least Concern (LC),Native,No,"Yes, at the species level",0,3
290,plant,Butia catarinensis Noblick & Lorenzi.,Arecaceae,butiá,"RS, SC",Not Evaluated (NE),Native,No,"Yes, at the species level",0,3
291,plant,Theobroma cacao L.,Malvaceae,"cacau, cacau-da-mata","AC, AM, AP, PA, RO, BA, MA, SE, ES",Least Concern (LC),Native,Yes ,"Yes, at the genus level",0,0
292,plant,Eugenia dysenterica (Mart.) DC.,Myrtaceae,cagaita,"TO, BA, CE, MA, PE, PI, DF, GO, MS, MT, MG, SP",Not Evaluated (NE),Native,No,"Yes, at the species level",0,1
293,plant,Campomanesia phaea (O.Berg) Landrum.,Myrtaceae,cambuci,"MG, RJ, SP",Least Concern (LC),Native,No,"Yes, at the species level",0,5
294,plant,Myrciaria floribunda (H.West ex Willd.) O.Berg,Myrtaceae,cambuí,"AC, AM, PA, RO, RR, AL, BA ,PE, GO, MS, MT, ES, MG, RJ, SP, PR, RS, SC",Least Concern (LC),Native,Yes ,"Yes, at the genus level",0,0
295,plant,Myrciaria dubia (Kunth) McVaugh,Myrtaceae,camu-camu,"AC, AM, PA, RO, RR, TO, MT",Least Concern (LC),Native,Yes ,"Yes, at the species level",0,1
296,plant,Dioscorea trifida L.f.,Dioscoreaceae,cará amazônico,"AC, AM, PA, TO, MA, PB, PE; DF, GO, MT, MG, MS",Least Concern (LC),Native,Yes ,"Yes, at the species level",0,20
297,plant,Dioscorea chondrocarpa Griseb.,Dioscoreaceae,cará de espinho,"AC, AM, PA, RO, TO, AL, BA, PB,;DF, GO, MS,, MT, ES, MG, RJ, SP, PR, RS, SC",Not Evaluated (NE),Native,No,"Yes, at the genus level",0,9
298,plant,Bidens bipinnata L,Asteraceae,carrapicho agulha,"AM, AP, PA, RR, TO, AL, BA, CE, MA, PB, PE, PI, RN, GO, MT, MG, SP, RS, SC",Not Evaluated (NE),Native,No,Does not exist,0,0
299,plant,Acioa edulis Prance,Chrysobalanaceae,castanha de cutia,AM,Not Evaluated (NE),Native,No,Does not exist,0,0
300,plant,Acioa longipendula (Pilg.) Sothers & Prance,Chrysobalanaceae,castanha de galinha,"AM, PA",Not Evaluated (NE),Native,No,Does not exist,0,0
301,plant,Bertholletia excelsa Bonpl.,Lecythidaceae,castanha do brasil,"AC, AM, AP, PA, RO, RR, MT",Vulnerable (VU),Native,Yes ,"Yes, at the species level",1,17
302,plant,Eugenia involucrata DC.,Myrtaceae,cereja_do_rio_grande,"AL, BA, PE, SE, DF, GO, MS, ES, MG, RJ, SP, PR, RS, SC",Not Evaluated (NE),Native,No,"Yes, at the species level",0,0
303,plant,Sterculia striata A.St.-Hil. & Naudin,Myrtaceae,chichá,"PA, TO, BA, CE, MA, PI, DF, GO, MS, MT, ES, MG, RJ, SP",Least Concern (LC),Native,No,"Yes, at the species level",0,0
304,plant,Eryngium foetidum L.,Apiaceae,chicória,"AC, AM",Not Evaluated (NE),Native,Yes ,"Yes, by common name",0,28
305,plant,Butia capitata (Mart.) Becc.,Arecaceae,coquinho_azedo,"BA, GO, MG",Vulnerable (VU),Native,No,"Yes, by common name",0,0
306,plant,Tropaeolum pentaphyllum Lam.,Tropaeolaceae,crem,"RJ, SP, PR, RS, SC",Least Concern (LC),Native,Yes ,"Yes, at the genus level",0,0
307,plant,Sicana odorifera (Vell.) Naudin,Cucurbitaceae,croá,"AM, PE, GO, MG, RJ, SP",Vulnerable (VU),Native,No,Does not exist,0,0
308,plant,Solanum sessiliflorum Dunal,Solanaceae,cubiu,"AM, AP, PA",Not Evaluated (NE),Native,Yes ,"Yes, at the species level",0,4
309,plant,Theobroma grandiflorum (Willd. ex Spreng.) K.Schum,Malvaceae,cupuaçu,"AC, AM, PA, RO, MA",Least Concern (LC),Native,Yes ,"Yes, at the species level",1,308
310,plant,Ilex paraguariensis A.St.-Hil.,Aquifoliaceae,erva_mate,"BA, DF, MS, MT, MG, RJ, SP, PR, RS, SC",Least Concern (LC),Native,Yes ,"Yes, at the species level",2,7
311,plant,Physalis angulata L.,Solanaceae,camapu,"AC, AM, AP, PA, RO, RR, TO, AL, BA, CE, MA, PB, PE, PI, RN, SE, DF, GO, MS, MT, ES, MG, RJ, SP, PR, RS, SC",Not Evaluated (NE),Exotic,No,"Yes, at the genus level",0,0
312,plant,Physalis pubescens L.,Solanaceae,fisalis,"AC, AM, AP, PA, RO, RR, TO, AL, BA, CE, MA, PB, PE, PI, RN, SE, DF, GO, MS, MT, ES, MG, RJ, SP, PR, RS, SC",Not Evaluated (NE),Exotic,No,"Yes, at the species level",0,3
313,plant,Campomanesia adamantium,myrtaceae,gabiroba,"DF, GO, MS, MT, MG, SP, PR, SC",Not Evaluated (NE),Native,No,"Yes, at the species level",0,1
314,plant,Psidium guajava,myrtaceae,goiaba,"AC, AM, AL, BA, CE, MA, PE, PI, SE, MS, MT, ES, MG, RJ, SP, PR, RS, SC",Not Evaluated (NE),Native,Yes ,"Yes, at the species level",1,3358
315,plant,Feijoa sellowiana,myrtaceae,goiaba-serrana,"RJ, SP, PR, RS, SC",Not Evaluated (NE),Native,Yes ,"Yes, at the genus level",0,0
316,plant,Eugenia brasiliensis,myrtaceae,grumixama,"BA, ES, MG, RJ, SP, PR, SC",Least Concern (LC),Native,No,"Yes, at the species level",0,1
317,plant,Campomanesia xanthocarpa,myrtaceae,guabiroba,"ES, MG, RJ, SP, PR, RS, SC",Least Concern (LC),Native,No,"Yes, at the species level",0,1
318,plant,Paullinia cupana,sapindaceae,guaraná,"AC, AM, PA",Not Evaluated (NE),Native,Yes ,Does not exist,3,54
319,plant,Syagrus oleracea,arecaceae,gueroba,"TO, BA, DF, GO, MS, MT, MG, SP, PR",Not Evaluated (NE),Native,Yes ,"Yes, at the species level",2,4
320,plant,Plinia peruviana,myrtaceae,jabuticaba,"BA, ES, MG, RJ, SP, PR, RS, SC",Least Concern (LC),Native,Yes ,"Yes, at the species level",0,141
321,plant,acmella oleracea,asteraceae,jambu,"AC, AM, AP, PA, RO, RR, BA, CE, PB, PE, PI, RN, SE, ES, MG, RJ, SP, PR, SC",Not Evaluated (NE),Native,Yes ,Does not exist,1,10
322,plant,Jacaratia spinosa,caricaceae,jaracatiá-mamãozinho,"AC, AM, AP, PA, RO, AL, BA, CE, MA, PB, PE, GO, MS, MT, ES, MG, RJ, SP, PR, RS, SC",Least Concern (LC),Native,No,"Yes, by common name",0,0
323,plant,Vasconcellea quercifolia,caricaceae,jaracatiá-mamãozinho-do-mato,"BA, CE, SE, DF, GO, MS, MT, ES, MG, RJ, SP, PR, RS, SC",Not Evaluated (NE),Native,No,"Yes, at the species level",0,0
324,plant,Hymenaea courbaril,fabaceae,jatobá,"AC, AM, AP, PA, RO, RR, TO, AL, BA, CE, MA, PB, PE, PI, RN, SE, DF, GO, MS, MT, ES, MG, RJ, SP, PR, SC",Least Concern (LC),Native,No,"Yes, at the species level",0,5
325,plant,Hymenaea stigonocarpa,fabaceae,jatobá,"AC, AM, AP, PA, RO, RR, TO, AL, BA, CE, MA, PB, PE, PI, RN, SE, DF, GO, MS, MT, ES, MG, RJ, SP, PR, SC",Not Evaluated (NE),Native,No,"Yes, at the species level",0,5
326,plant,Genipa americana,rubiaceae,jenipapo,"AC, AM, AP, PA, RO, RR, TO, AL, BA, CE, MA, PB, PE, PI, RN, SE, DF, GO, MS, MT, ES, MG, RJ, SP, PR, SC",Least Concern (LC),Native,No,"Yes, at the species level",0,13
327,plant,Euterpe edulis,arecaceae,juçara,"BA, GO, MS, ES, MG, RJ, SP, PR, RS, SC",Vulnerable (VU),Native,Yes ,"Yes, at the species level",0,0
328,plant,Solanum scuticum,solanaceae,jurubeba,"AC, RO, BA, DF, GO, MT, ES, MG, RJ, SP, PR, SC",Not Evaluated (NE),Native,No,"Yes, at the species level",0,3
329,plant,Syagrus coronata,arecaceae,licuri,"AL, BA, PE, SE, MG",Not Evaluated (NE),Native,No,"Yes, at the species level",0,0
330,plant,acrocomia aculeata,arecaceae,macaúba,"AM, PA, RR, BA, MA, PI, DF, GO, MT, MG, RJ, SP",Not Evaluated (NE),Native,Yes ,"Yes, at the species level",0,0
331,plant,Talinum fruticosum,talinaceae,cariru,"AC, AM, PA, RO, RR, AL, BA, CE, MA, PB, PE, PI, RN, SE, GO, MS, MT, ES, MG, RJ, SP, PR, RS, SC",Not Evaluated (NE),Native,Yes ,"Yes, at the genus level",0,1
332,plant,Talinum paniculatum,talinaceae,cariru,"AC, AM, PA, RO, RR, AL, BA, CE, MA, PB, PE, PI, RN, SE, GO, MS, MT, ES, MG, RJ, SP, PR, RS, SC",Not Evaluated (NE),Native,Yes ,"Yes, at the species level",0,1
333,plant,Cereus jamacaru,cactaceae,mandacaru,"TO, AL, BA, CE, MA, PB, PE, PI, RN, SE, GO, MG",Not Evaluated (NE),Native,No,"Yes, at the genus level",0,1
334,plant,Manihot esculenta,euphorbiaceae,mandioca,"AC, AM, AP, PA, RO, AL, BA, CE, MA, PE, PI, DF, GO, MT, MG, SP",Not Evaluated (NE),Native,Yes ,"Yes, at the species level",11,6804
335,plant,Hancornia speciosa,apocynaceae,mangaba,"AM, AP, PA, RO, TO, AL, BA, CE, MA, PB, PE, PI, RN, SE, DF, GO, MS, MT, ES, MG, RJ, SP, PR",Not Evaluated (NE),Native,No,"Yes, at the species level",1,7
336,plant,Xanthosoma riedelianum (Schott) Schott,Araceae,mangarito,"MG, RJ, SP",Extinct (EX),Native,Yes ,"Yes, at the genus level",0,0
337,plant,Pourouma cecropiifolia Mart.,Urticaceae,"mapati, embaúba","AC, AM",Not Evaluated (NE),Native,No,Does not exist,0,0
338,plant,Passiflora actinia Hook.,Passifloraceae,"maracujá-amarelo, maracujá-de-morcego, maracujá-do-mato","RJ, SP, PR, RS, SC",Least Concern (LC),Native,Yes ,"Yes, at the species level",2,29
339,plant,Passiflora alata Curtis,Passifloraceae,"maracujá-doce, maracujá-açú","AC, AM, PA, AL, BA, CE, PB, PE, SE, DF, GO, MS, MT, ES, MG, RJ, SP, PR, RS, SC",Not Evaluated (NE),Native,Yes ,"Yes, at the species level",2,21
340,plant,Passiflora cincinnata Mast.,Passifloraceae,"maracujá-do-mato, maracujá-mi, maracujá-mochila","PA, TO, AL, BA, CE, MA, PB, PE, PI, RN, SE, DF, GO, MS, MT, MG, SP",Not Evaluated (NE),Native,Yes ,"Yes, at the species level",2,8
341,plant,Passiflora edulis Sims,Passifloraceae,maracujá,"AC, AM, AP, RO, RR, TO, AL, BA, CE, MA, PB, PE, PI, RN, SE, DF, GO, MS, MT, ES, MG, RJ, SP, PR, RS, SC",Least Concern (LC),Native,Yes ,"Yes, at the species level",2,31
342,plant,Passiflora setacea DC.,Passifloraceae,"maracujá-sururuca, sururuca","AL, BA, DF, GO, MT, ES, MG, RJ",Not Evaluated (NE),Native,Yes ,"Yes, at the species level",2,6
343,plant,Passiflora nitida Kunth,Passifloraceae,maracujá-de-cheiro,"AC, AM, PA, RO, RR, TO, BA, MA, DF, GO, MT",Not Evaluated (NE),Native,No,"Yes, at the genus level",2,20
344,plant,Melothria pendula L.,Cucurbitaceae,mini-pepininho,"AC, AM, AP, PA, RO, RR, TO, AL, BA, CE, MA, PB, PE, PI, RN, SE, DF, GO, MS, MT, ES, MG, RJ, SP, PR, RS, SC",Not Evaluated (NE),Native,Yes ,Does not exist,0,0
345,plant,Byrsonima crassifolia (L.) Kunth,Malpighiaceae,murici,"AM, AP, PA, RO, RR, TO, BA, CE, MA, PB, PE, PI, RN, DF, GO, MS, MT, ES, MG, SP",Not Evaluated (NE),Native,Yes ,"Yes, at the species level",0,4
346,plant,Byrsonima verbascifolia (L.) DC.,Malpighiaceae,murici,"AC, AM, PA, RO, TO, AL, BA, MA, PE, PI, RN, SE, DF, GO, MS, MT, ES, MG, SP, PR, AM, CE, PB",Not Evaluated (NE),Native,Yes ,"Yes, at the species level",0,4
347,plant,Pereskia aculeata Mill.,Cactaceae,"ora-pro-nobis, azedinha, espinho-preto, surucucú, cipó-santo, lobolôbô, espinho-de-santo-antônio","AL, BA, CE, MA, PE, SE, GO, ES, MG, RJ, SP, PR, RS, SC",Least Concern (LC),Native,Yes ,"Yes, at the species level",0,27
348,plant,Couepia bracteosa Benth.,Chrysobalanaceae,"pajurá, pajurá-da-mata, pajurá-da-anta, pajurá-bravo, pajurá-verdadeiro, umarirana, marirana, pajura","AM, AP, PA, RO",Not Evaluated (NE),Native,No,Does not exist,0,0
349,plant,Oenocarpus bataua Mart.,Arecaceae,"patauá, patoá","AC, AM, PA, RO",Not Evaluated (NE),Native,No,"Yes, at the species level",0,0
350,plant,Peperomia pellucida (L.) Kunth,Piperaceae,"peperomia, erva-de-jaboti","AC, AM, AP, PA, RO, RR, TO, AL, BA, CE, MA, PB, PE, SE, GO, MS, MT, ES, MG, RJ, SP, PR, SC",Least Concern (LC),Native,No,Does not exist,0,0
351,plant,Caryocar brasiliense Cambess.,Caryocaraceae,pequi,"PA, TO, BA, MA, PI, DF, GO, MS, MT, MG, SP, PR",Least Concern (LC),Native,No,"Yes, at the species level",5,37
352,plant,Caryocar coriaceum Wittm.,Caryocaraceae,pequi,"TO, BA, CE, MA, PE, PI, GO",Not Evaluated (NE),Native,No,"Yes, at the species level",5,37
353,plant,Eugenia klotzschiana O. Berg,Myrtaceae,"pera-do-cerrado, cabacinha","DF, GO, MS, MG, SP",Not Evaluated (NE),Native,No,"Yes, at the species level",0,0
354,plant,Eugenia uniflora L.,Myrtaceae,pitanga,"AL, BA, SE, MS, ES, MG, RJ, SP, PR, RS, SC",Not Evaluated (NE),Native,Yes ,"Yes, at the species level",0,11
355,plant,Bactris gasipaes Kunth,Arecaceae,pupunha,"AC, AM, PA, RO, MT",Not Evaluated (NE),Native,Yes ,"Yes, at the species level",0,74
356,plant,Licaria puchury-major (Mart.) Kosterm.,Lauraceae,"puxuri, puchuri","AM, PA",Not Evaluated (NE),Native,No,Does not exist,0,0
357,plant,Matisia cordata Humb. & Bonpl.,Malvaceae,"sapota, sapota-do-peru, sapota-dos-solimões","AM, PA, RO, AC",Not Evaluated (NE),Native,No,Does not exist,0,0
358,plant,Campomanesia guazumifolia (Cambess.) O.Berg,Myrtaceae,sete-capotes,"BA, MS, ES, MG, RJ, SP, PR, RS, SC",Not Evaluated (NE),Native,Yes ,"Yes, at the genus level",0,0
359,plant,Couma utilis (Mart.) Müll.Arg.,Apocynaceae,"sorva, sorvarana","AC, AM, AP, PA, RO, RR",Not Evaluated (NE),Native,No,Does not exist,0,0
360,plant,Xanthosoma taioba E.G. Gonç.,Araceae,taioba,"CE, PE, ES, MG, PR, SC, RJ",Not Evaluated (NE),Native,Yes ,"Yes, at the species level",0,16
361,plant,Astrocaryum aculeatum G. Mey.,Arecaceae,tucumã,"AC, AM, PA, RO, RR, MT",Not Evaluated (NE),Native,No,"Yes, at the species level",1,6
362,plant,Astrocaryum vulgare Mart.,Arecaceae,tucumã,"AM, PA, TO, MA, GO",Not Evaluated (NE),Native,No,Does not exist,1,6
363,plant,Poraqueiba sericea Tul.,Metteniusaceae,"umari-amarillo, mary-negro","AC, AM, AP, PA",Not Evaluated (NE),Native,No,Does not exist,0,0
364,plant,Spondias tuberosa Arruda,Anacardiaceae,"umbu, imbuzeiro, tapereba, caja-do-sertão, umbuzeiro, imbu-verdadeiro, imburana-de-cambão, imbuzeiro","AL, BA, CE, MA, PB, PE, PI, RN, SE, ES, MG",Not Evaluated (NE),Native,No,"Yes, at the species level",0,14
365,plant,"Spondias bahiensis P. Carvalho, Van den Berg & M. Machado",Anacardiaceae,umbu-cajá,"AL, BA, PE, SE",Endangered (EN),Native,No,"Yes, at the species level",0,1
366,plant,Urera caracasana (Jacq.) Griseb.,Urticaceae,"urtiga, urtiga-cipó, urtiga-branca","AC, AM, PA, RO, RR, TO, AL, BA, CE, MA, PE, PI, SE, GO, MS, MT, ES, MG, RJ, SP, PR, SC",Not Evaluated (NE),Native,No,Does not exist,0,0
367,plant,Bixa orellana L.,Bixaceae,"urucum, colorau","AC, AM, AP, PA, RO, RR, TO, AL, BA, CE, MA, PB, PE, PI, RN, SE, DF, GO, MS, MT, ES, MG, RJ, SP, PR, RS, SC",Not Evaluated (NE),Native,Yes ,Does not exist,0,10
368,plant,Eugenia pyriformis Cambess.,Myrtaceae,uvaia,"GO, MS, MG, RJ, SP, PR, RS, SC",Not Evaluated (NE),Native,No,"Yes, at the species level",0,0
369,plant,Endopleura uchi (Huber) Cuatrec.,Humiriaceae,uxi,"AC, AM, AP, PA, RO, TO",Not Evaluated (NE),Native,No,Does not exist,0,0